provider,model,temperature,random_seed,n_shot,example_strategy,repetition,accuracy_llm_vs_expert,kappa_llm_vs_expert,f1_llm_vs_expert
openai,gpt-4o-mini,0.0,42,4,dilution_4hard_0easy,0,0.5753424657534246,0.13576475081153327,0.5753424657534247
openai,gpt-4o-mini,0.0,42,6,dilution_4hard_2easy,0,0.6736111111111112,0.3408648227502922,0.6736111111111112
openai,gpt-4o-mini,0.0,42,8,dilution_4hard_4easy,0,0.823943661971831,0.6485844387250049,0.823943661971831
openai,gpt-4o-mini,0.0,42,14,dilution_4hard_10easy,0,0.8455882352941176,0.6921086675291074,0.8455882352941176
openai,gpt-4o-mini,0.0,42,20,dilution_4hard_16easy,0,0.8538461538461538,0.7089323591798256,0.8538461538461539
openai,gpt-4o-mini,0.0,42,24,dilution_4hard_20easy,0,0.8571428571428571,0.7154328732747804,0.8571428571428572
