algorithm,provider,model,temperature,random_seed,n_shot_phase_bc,class_0,class_1,repetition,fidelity_problem_a,consistency_problem_b,kappa_problem_b,f1_problem_b,consistency_problem_c,kappa_problem_c,f1_problem_c,w_0,w_1,w_ratio,w_direction_0,w_direction_1,gamma,n_disagreements_b,n_disagreements_c
NNLS,openai,gpt-4o-mini,0.0,42,0,A,B,0,0.8333333333333334,0.75,0.4001919385796545,0.75,0.89,0.7657580919931857,0.89,0.03632938406255299,0.1432648071885098,0.2535820539286406,0.2458021611171257,0.9693200181519778,0.0,25,11
NNLS,openai,gpt-4o-mini,0.0,123,0,A,B,0,0.8466666666666667,0.69,0.2857142857142857,0.69,0.87,0.731404958677686,0.8700000000000001,0.046533369966752704,0.14860807792059005,0.31312813285707247,0.2988210469247478,0.9543091647442131,0.0,31,13
NNLS,openai,gpt-4o-mini,0.0,7,0,A,B,0,0.8666666666666667,0.84,0.6254681647940075,0.84,0.87,0.7250423011844331,0.8700000000000001,0.03687578623368915,0.14735558423732445,0.25025034799019646,0.24276419139891214,0.9700853299449654,0.0,16,13
