algorithm,provider,model,temperature,random_seed,n_shot_phase_bc,class_0,class_1,repetition,fidelity_problem_a,consistency_problem_b,kappa_problem_b,f1_problem_b,consistency_problem_c,kappa_problem_c,f1_problem_c,llm_accuracy_problem_a,llm_accuracy_problem_b,llm_accuracy_problem_c,metric_accuracy_problem_b,metric_accuracy_problem_c,w_0,w_1,w_ratio,gamma,n_disagreements_b,n_disagreements_c,n_malformed_responses,euclidean_consistency_b,euclidean_consistency_c,diagonal_limitation_flag
NNLS,openai,gpt-4o-mini,0.0,42,0,A,B,0,0.8266666666666667,0.83,0.5303867403314917,0.8300000000000001,0.91,0.7836538461538461,0.9100000000000001,0.3,0.46,0.5,0.37,0.47,0.0354108109330766,0.14096574774529588,0.25120152589875,0.0,17,9,0,0.69,0.68,0
NNLS,openai,gpt-4o-mini,0.0,123,0,A,B,0,0.8533333333333334,0.88,0.595959595959596,0.88,0.79,0.5,0.7899999999999999,0.3,0.45,0.53,0.43,0.58,0.04666123631059721,0.15046856114646975,0.31010621723946724,0.0,12,21,0,0.69,0.63,0
NNLS,openai,gpt-4o-mini,0.0,7,0,A,B,0,0.8466666666666667,0.84,0.5991983967935872,0.8400000000000001,0.84,0.5943204868154157,0.8400000000000001,0.3333333333333333,0.5,0.5,0.44,0.56,0.03924647609853635,0.15034139655248135,0.26104903239232674,0.0,16,16,0,0.68,0.72,0
NNLS,openai,gpt-4o-mini,0.0,256,0,A,B,0,0.8266666666666667,0.85,0.6276067527308838,0.8500000000000001,0.81,0.5681818181818181,0.81,0.3466666666666667,0.45,0.54,0.36,0.55,0.05015234661882635,0.16712762663845104,0.30008411911048943,0.0,15,19,0,0.68,0.67,0
NNLS,openai,gpt-4o-mini,0.0,999,0,A,B,0,0.8666666666666667,0.83,0.5853658536585367,0.8300000000000001,0.76,0.4854202401372213,0.76,0.4,0.54,0.56,0.55,0.64,0.05108105689427068,0.195571156546792,0.2611891129357264,0.0,17,24,0,0.61,0.66,0
