algorithm,provider,model,temperature,random_seed,n_shot_phase_bc,class_0,class_1,repetition,fidelity_problem_a,consistency_problem_b,kappa_problem_b,f1_problem_b,consistency_problem_c,kappa_problem_c,f1_problem_c,w_0,w_1,w_ratio,w_direction_0,w_direction_1,gamma,n_disagreements_b,n_disagreements_c
NNLS,openai,gpt-4o-mini,0.0,42,0,A,B,0,0.86,0.66,0.23457901846015317,0.66,0.65,0.28101889893179965,0.6499999999999999,0.03602481993111962,0.14321434472930006,0.2515447736692353,0.24394534957092986,0.9697889803574368,0.0,34,35
LP,openai,gpt-4o-mini,0.0,42,0,A,B,0,0.7733333333333333,0.65,0.22291296625222035,0.6499999999999999,0.82,0.607158446093409,0.8200000000000001,0.5,0.5,1.0,0.7071067811865475,0.7071067811865475,0.0,35,18
