provider,model,temperature,random_seed,n_shot,example_strategy,repetition,accuracy_llm_vs_expert,kappa_llm_vs_expert,f1_llm_vs_expert
openai,gpt-4o-mini,0.0,42,4,dilution_4hard_0easy,0,0.5753424657534246,0.13576475081153327,0.5753424657534247
openai,gpt-4o-mini,0.0,42,6,dilution_4hard_2easy,0,0.6666666666666666,0.32657833203429454,0.6666666666666665
openai,gpt-4o-mini,0.0,42,8,dilution_4hard_4easy,0,0.823943661971831,0.6483059243114722,0.823943661971831
openai,gpt-4o-mini,0.0,42,14,dilution_4hard_10easy,0,0.8529411764705882,0.7066436583261433,0.8529411764705883
openai,gpt-4o-mini,0.0,42,20,dilution_4hard_16easy,0,0.8692307692307693,0.7398163409465506,0.8692307692307693
openai,gpt-4o-mini,0.0,42,24,dilution_4hard_20easy,0,0.8650793650793651,0.7313769751693002,0.865079365079365
