problem_name,seed,feature_names,n_features,n_shot,accuracy_llm_vs_metric,accuracy_llm_vs_true,kappa_llm_vs_metric,f1_llm_vs_metric,accuracy_perceptron_baseline_vs_true,n_malformed
homem_mulher,42,x1/x2,2,0,0.16666666666666666,0.6666666666666666,0.0,0.0,,0
homem_mulher,42,x1/x2,2,5,0.3,0.8,0.0,0.0,,0
homem_mulher,42,peso/altura,2,0,0.8,0.7666666666666667,0.5714285714285714,0.8421052631578947,,0
homem_mulher,42,peso/altura,2,5,0.9333333333333333,0.8333333333333334,0.8571428571428572,0.9473684210526315,0.9,0
meia_lua_seed42,42,x1/x2,4,0,0.7333333333333333,0.5555555555555556,0.0,0.0,,0
meia_lua_seed42,42,x1/x2,4,5,0.8444444444444444,0.7555555555555555,0.6645367412140575,0.7741935483870968,,0
