problem_name,seed,n_features,feature_names,prompt_variant,fidelity_perc_vs_llm,fidelity_nnls_vs_llm,accuracy_perc_vs_true,accuracy_nnls_vs_true,llm_accuracy_vs_true,gamma_perc,n_malformed
homem_mulher,42,2,x1/x2,default,0.3142857142857143,0.6,0.5571428571428572,0.12857142857142856,0.4142857142857143,1.876562500000001,0
homem_mulher,42,3,x1/x2,default,0.3142857142857143,0.5285714285714286,0.5571428571428572,0.4,0.4142857142857143,0.9708984375000004,0
homem_mulher,42,4,x1/x2,default,0.7714285714285715,0.7571428571428571,0.35714285714285715,0.4,0.4142857142857143,0.07167968749999999,0
homem_mulher,42,2,peso/altura,default,0.5571428571428572,0.5142857142857142,0.9142857142857143,0.8714285714285714,0.5571428571428572,0.10039062500000001,0
homem_mulher,42,3,peso/altura,default,0.5428571428571428,0.6428571428571429,0.9,0.8285714285714286,0.5571428571428572,0.0642578125,0
homem_mulher,42,4,peso/altura,default,0.6285714285714286,0.6857142857142857,0.8142857142857143,0.7,0.5571428571428572,0.06679687499999998,0
meia_lua_seed42,42,2,x1/x2,default,0.7142857142857143,0.6857142857142857,0.4857142857142857,0.5714285714285714,0.4857142857142857,0.11044921875,0
meia_lua_seed42,42,3,x1/x2,default,0.6857142857142857,0.8285714285714286,0.5714285714285714,0.5428571428571428,0.4857142857142857,0.05166015624999999,0
meia_lua_seed42,42,4,x1/x2,default,0.7523809523809524,0.7619047619047619,0.580952380952381,0.5904761904761905,0.4857142857142857,0.0703125,0
