problem_name,seed,feature_names,n_features,n_shot,accuracy_llm_vs_metric,accuracy_llm_vs_true,kappa_llm_vs_metric,f1_llm_vs_metric,accuracy_perceptron_baseline_vs_true,n_malformed
homem_mulher,42,x1/x2,4,0,0.7,0.6333333333333333,0.08163265306122458,0.8163265306122449,,0
homem_mulher,42,x1/x2,4,5,0.9666666666666667,0.36666666666666664,0.9180327868852459,0.9767441860465116,0.26666666666666666,0
homem_mulher,42,peso/altura,2,0,0.7,0.7333333333333333,0.34782608695652173,0.7692307692307693,,0
homem_mulher,42,peso/altura,2,5,0.9333333333333333,0.9,0.8611111111111112,0.9444444444444444,0.8666666666666667,0
meia_lua_seed42,42,x1/x2,4,0,0.7555555555555555,0.5555555555555556,0.0,0.0,,0
meia_lua_seed42,42,x1/x2,4,5,0.8222222222222222,0.5777777777777777,0.6137339055793991,0.7333333333333333,0.28888888888888886,0
