provider,model,temperature,random_seed,n_shot,example_strategy,repetition,accuracy_llm_vs_expert,kappa_llm_vs_expert,f1_llm_vs_expert
openai,gpt-4o-mini,0.0,42,4,dilution_4hard_0easy,0,0.5547945205479452,0.09290766583827181,0.5547945205479452
openai,gpt-4o-mini,0.0,42,6,dilution_4hard_2easy,0,0.6736111111111112,0.3403508771929824,0.6736111111111109
openai,gpt-4o-mini,0.0,42,8,dilution_4hard_4easy,0,0.8309859154929577,0.6625074272133096,0.8309859154929577
openai,gpt-4o-mini,0.0,42,14,dilution_4hard_10easy,0,0.8382352941176471,0.6775862068965517,0.8382352941176471
openai,gpt-4o-mini,0.0,42,20,dilution_4hard_16easy,0,0.8615384615384616,0.7243816254416962,0.8615384615384616
openai,gpt-4o-mini,0.0,42,24,dilution_4hard_20easy,0,0.8492063492063492,0.6994727592267136,0.8492063492063491
