provider,model,temperature,random_seed,n_shot,example_strategy,repetition,accuracy_llm_vs_expert,kappa_llm_vs_expert,f1_llm_vs_expert
openai,gpt-4o-mini,0.0,42,4,dilution_4hard_0easy,0,0.5684931506849316,0.1214899713467048,0.5684931506849316
openai,gpt-4o-mini,0.0,42,6,dilution_4hard_2easy,0,0.6805555555555556,0.3546375681995323,0.6805555555555556
openai,gpt-4o-mini,0.0,42,8,dilution_4hard_4easy,0,0.8380281690140845,0.6764414503665543,0.8380281690140845
openai,gpt-4o-mini,0.0,42,14,dilution_4hard_10easy,0,0.8529411764705882,0.7071490094745909,0.8529411764705883
openai,gpt-4o-mini,0.0,42,20,dilution_4hard_16easy,0,0.8769230769230769,0.7550058892815077,0.8769230769230769
openai,gpt-4o-mini,0.0,42,24,dilution_4hard_20easy,0,0.8571428571428571,0.7157182251190775,0.8571428571428572
