algorithm,provider,model,temperature,random_seed,n_shot_phase_bc,class_0,class_1,repetition,fidelity_problem_a,consistency_problem_b,kappa_problem_b,f1_problem_b,consistency_problem_c,kappa_problem_c,f1_problem_c,w_0,w_1,w_ratio,w_direction_0,w_direction_1,gamma,n_disagreements_b,n_disagreements_c
NNLS,openai,gpt-4o-mini,0.0,42,0,A,B,0,0.8466666666666667,0.75,0.4343891402714932,0.75,0.67,0.32377049180327866,0.6699999999999999,0.03638335265564178,0.14404258353414534,0.2525874763070817,0.2448960229331868,0.9695493478681259,0.0,25,33
NNLS,openai,gpt-4o-mini,0.0,123,0,A,B,0,0.86,0.79,0.45876288659793807,0.7899999999999999,0.64,0.22580645161290325,0.6399999999999999,0.04673126611610591,0.1490105512352724,0.3136104505936766,0.29924014038288493,0.9541778337310249,0.0,21,36
NNLS,openai,gpt-4o-mini,0.0,7,0,A,B,0,0.8533333333333334,0.81,0.5605920444033303,0.8099999999999998,0.71,0.34507678410117437,0.71,0.03850920784078176,0.15025647094799974,0.2562898462729695,0.24826590393346792,0.9686919226173502,0.0,19,29
LP,openai,gpt-4o-mini,0.0,42,0,A,B,0,0.7733333333333333,0.66,0.23457901846015317,0.66,0.86,0.6914940502423976,0.86,0.5,0.5,1.0,0.7071067811865475,0.7071067811865475,0.0,34,14
LP,openai,gpt-4o-mini,0.0,123,0,A,B,0,0.7533333333333333,0.64,0.17620137299771177,0.6399999999999999,0.65,0.22839506172839508,0.65,0.5,0.5,1.0,0.7071067811865475,0.7071067811865475,0.0,36,35
LP,openai,gpt-4o-mini,0.0,7,0,A,B,0,0.76,0.83,0.5994344957587181,0.8300000000000001,0.78,0.49168207024029575,0.78,0.5,0.5,1.0,0.7071067811865475,0.7071067811865475,0.0,17,22
